{
	"info": {
		"_postman_id": "transaction-api-collection",
		"name": "Transaction API",
		"description": "Collection untuk testing Transaction API menggunakan Gin Gonic, GORM, dan MySQL",
		"schema": "https://schema.getpostman.com/json/collection/v2.1.0/collection.json"
	},
	"item": [
		{
			"name": "Health Check",
			"request": {
				"method": "GET",
				"header": [],
				"url": {
					"raw": "{{base_url}}/health",
					"host": [
						"{{base_url}}"
					],
					"path": [
						"health"
					]
				}
			},
			"response": []
		},
		{
			"name": "Create Transaction",
			"request": {
				"method": "POST",
				"header": [
					{
						"key": "Content-Type",
						"value": "application/json"
					}
				],
				"body": {
					"mode": "raw",
					"raw": "{\n  \"user_id\": 1,\n  \"amount\": 100.50\n}"
				},
				"url": {
					"raw": "{{base_url}}/transactions",
					"host": [
						"{{base_url}}"
					],
					"path": [
						"transactions"
					]
				}
			},
			"response": []
		},
		{
			"name": "Get All Transactions",
			"request": {
				"method": "GET",
				"header": [],
				"url": {
					"raw": "{{base_url}}/transactions?page=1&limit=10",
					"host": [
						"{{base_url}}"
					],
					"path": [
						"transactions"
					],
					"query": [
						{
							"key": "page",
							"value": "1"
						},
						{
							"key": "limit",
							"value": "10"
						}
					]
				}
			},
			"response": []
		},
		{
			"name": "Get Transactions by User ID",
			"request": {
				"method": "GET",
				"header": [],
				"url": {
					"raw": "{{base_url}}/transactions?user_id=1&page=1&limit=10",
					"host": [
						"{{base_url}}"
					],
					"path": [
						"transactions"
					],
					"query": [
						{
							"key": "user_id",
							"value": "1"
						},
						{
							"key": "page",
							"value": "1"
						},
						{
							"key": "limit",
							"value": "10"
						}
					]
				}
			},
			"response": []
		},
		{
			"name": "Get Transactions by Status",
			"request": {
				"method": "GET",
				"header": [],
				"url": {
					"raw": "{{base_url}}/transactions?status=success&page=1&limit=10",
					"host": [
						"{{base_url}}"
					],
					"path": [
						"transactions"
					],
					"query": [
						{
							"key": "status",
							"value": "success"
						},
						{
							"key": "page",
							"value": "1"
						},
						{
							"key": "limit",
							"value": "10"
						}
					]
				}
			},
			"response": []
		},
		{
			"name": "Get Transaction by ID",
			"request": {
				"method": "GET",
				"header": [],
				"url": {
					"raw": "{{base_url}}/transactions/1",
					"host": [
						"{{base_url}}"
					],
					"path": [
						"transactions",
						"1"
					]
				}
			},
			"response": []
		},
		{
			"name": "Update Transaction Status",
			"request": {
				"method": "PUT",
				"header": [
					{
						"key": "Content-Type",
						"value": "application/json"
					}
				],
				"body": {
					"mode": "raw",
					"raw": "{\n  \"status\": \"success\"\n}"
				},
				"url": {
					"raw": "{{base_url}}/transactions/1",
					"host": [
						"{{base_url}}"
					],
					"path": [
						"transactions",
						"1"
					]
				}
			},
			"response": []
		},
		{
			"name": "Delete Transaction",
			"request": {
				"method": "DELETE",
				"header": [],
				"url": {
					"raw": "{{base_url}}/transactions/1",
					"host": [
						"{{base_url}}"
					],
					"path": [
						"transactions",
						"1"
					]
				}
			},
			"response": []
		},
		{
			"name": "Dashboard Summary",
			"request": {
				"method": "GET",
				"header": [],
				"url": {
					"raw": "{{base_url}}/dashboard/summary",
					"host": [
						"{{base_url}}"
					],
					"path": [
						"dashboard",
						"summary"
					]
				}
			},
			"response": []
		},
		{
			"name": "Create Transaction (V1 API)",
			"request": {
				"method": "POST",
				"header": [
					{
						"key": "Content-Type",
						"value": "application/json"
					}
				],
				"body": {
					"mode": "raw",
					"raw": "{\n  \"user_id\": 2,\n  \"amount\": 250.75\n}"
				},
				"url": {
					"raw": "{{base_url}}/api/v1/transactions",
					"host": [
						"{{base_url}}"
					],
					"path": [
						"api",
						"v1",
						"transactions"
					]
				}
			},
			"response": []
		},
		{
			"name": "Dashboard Summary (V1 API)",
			"request": {
				"method": "GET",
				"header": [],
				"url": {
					"raw": "{{base_url}}/api/v1/dashboard/summary",
					"host": [
						"{{base_url}}"
					],
					"path": [
						"api",
						"v1",
						"dashboard",
						"summary"
					]
				}
			},
			"response": []
		}
	],
	"variable": [
		{
			"key": "base_url",
			"value": "http://localhost:8080",
			"type": "string"
		}
	]
}